﻿<?xml version="1.0" encoding="utf-8"?>
<Plugins>
  <PluginInterface Name="IPlugin">
    <API Name="CreateControl" StartupAPI="true" />
    <API Name="GetPluginKey" StartupAPI="true" />
    <API Name="Name" StartupAPI="true" />
    <API Name="Description" StartupAPI="true" />
    <API Name="Version" StartupAPI="true" />
    <API Name="IsOverlay" StartupAPI="true" />
    <API Name="PluginID" StartupAPI="true" />
    <API Name="Shutdown" StartupAPI="false" />
  </PluginInterface>
  <PluginInterface Name="IOCCPluginOverlay">
    <API Name="OnVideoPlayPause" StartupAPI="true">
      <InputParameter ParameterName="dataSourceID," ParameterType="STRING" />
      <InputParameter ParameterName="number" ParameterType="STRING" />
      <InputParameter ParameterName="live" ParameterType="BOOLEAN" />
      <InputParameter ParameterName="playing" ParameterType="BOOLEAN" />
      <InputParameter ParameterName="utcTime" ParameterType="DATETIME" />
    </API>
    <API Name="OnVideoTimer" StartupAPI="true">
      <InputParameter ParameterName="utcTime" ParameterType="DATETIME" />
    </API>
    <API Name="OnVideoRemoved" StartupAPI="true" />
  </PluginInterface>
  <PluginInterface Name="IOCCPluginOverlayEx">
    <API Name="OnCorridor" StartupAPI="true">
      <InputParameter ParameterName="utcTime" ParameterType="BOOLEAN" />
    </API>
    <API Name="OnTAIS" StartupAPI="true">
      <InputParameter ParameterName="utcTime" ParameterType="DATETIME" />
      <InputParameter ParameterName="utcTime" ParameterType="DATETIME" />
      <InputParameter ParameterName="utcTime" ParameterType="OBJECT" />
    </API>
  </PluginInterface>
  <PluginInterface Name="IOCCPluginAnnotate">
    <API Name="ReplyAnnotate" StartupAPI="true">
      <InputParameter ParameterName="requestId" ParameterType="STRING" />
      <InputParameter ParameterName="error" ParameterType="BOOLEAN" />
      <InputParameter ParameterName="errorMessage" ParameterType="STRING" />
      <InputParameter ParameterName="opaqueData" ParameterType="STRING" />
    </API>
  </PluginInterface>
  <PluginInterface Name="IOCCHostOverlay">
    <API Name="SetOverlayAnchor" StartupAPI="true">
      <InputParameter ParameterName="anchoredTo" ParameterType="OBJECT" />
      <InputParameter ParameterName="percentage" ParameterType="OBJECT" />
      <InputParameter ParameterName="min" ParameterType="INTEGER" />
      <InputParameter ParameterName="max" ParameterType="INTEGER" />
    </API>
  </PluginInterface>
  <PluginInterface Name="IOCCHostOverlayEx">
    <API Name="SetOverlayAnchorEx" StartupAPI="true">
      <InputParameter ParameterName="anchoredTo" ParameterType="OBJECT" />
      <InputParameter ParameterName="percentage" ParameterType="OBJECT" />
      <InputParameter ParameterName="min" ParameterType="INTEGER" />
      <InputParameter ParameterName="max" ParameterType="INTEGER" />
    </API>
  </PluginInterface>
  <PluginInterface Name="IOCCHostAnnotate">
    <API Name="RequestAnnotate" StartupAPI="true">
      <InputParameter ParameterName="requestId" ParameterType="STRING" />
      <InputParameter ParameterName="filterType" ParameterType="OBJECT" />
      <InputParameter ParameterName="utcTime" ParameterType="DATETIME" />
      <InputParameter ParameterName="opaqueData" ParameterType="STRING" />
    </API>
  </PluginInterface>
  <PluginInterface Name="IOCCHostSetVideoPosition">
    <API Name="SetVideoPosition" StartupAPI="true">
      <InputParameter ParameterName="utcTime" ParameterType="DATETIME" />
    </API>
  </PluginInterface>
</Plugins>